{"QUERY_TIME":[10.3254234,10.4329134,9.3283299],"INGEST_TIME":[10.32,13.42,14.641]}